epoch,gate,value
1,backbone.features.denseblock1.denselayer1.gate,0.878115713596344
1,backbone.features.denseblock1.denselayer2.gate,0.8780727982521057
1,backbone.features.denseblock1.denselayer3.gate,0.8780602216720581
1,backbone.features.denseblock1.denselayer4.gate,0.8780416250228882
1,backbone.features.denseblock1.denselayer5.gate,0.8780247569084167
1,backbone.features.denseblock1.denselayer6.gate,0.8780186772346497
1,backbone.features.denseblock2.denselayer1.gate,0.8780778646469116
1,backbone.features.denseblock2.denselayer2.gate,0.8780537843704224
1,backbone.features.denseblock2.denselayer3.gate,0.8780191540718079
1,backbone.features.denseblock2.denselayer4.gate,0.8780446648597717
1,backbone.features.denseblock2.denselayer5.gate,0.8780384063720703
1,backbone.features.denseblock2.denselayer6.gate,0.878021776676178
1,backbone.features.denseblock2.denselayer7.gate,0.8780536651611328
1,backbone.features.denseblock2.denselayer8.gate,0.8780300617218018
1,backbone.features.denseblock2.denselayer9.gate,0.8780295252799988
1,backbone.features.denseblock2.denselayer10.gate,0.8780233860015869
1,backbone.features.denseblock2.denselayer11.gate,0.8780396580696106
1,backbone.features.denseblock2.denselayer12.gate,0.8780698776245117
1,backbone.features.denseblock3.denselayer1.gate,0.8780370354652405
1,backbone.features.denseblock3.denselayer2.gate,0.8780346512794495
1,backbone.features.denseblock3.denselayer3.gate,0.8780422210693359
1,backbone.features.denseblock3.denselayer4.gate,0.8780295848846436
1,backbone.features.denseblock3.denselayer5.gate,0.8780103325843811
1,backbone.features.denseblock3.denselayer6.gate,0.878034770488739
1,backbone.features.denseblock3.denselayer7.gate,0.878028392791748
1,backbone.features.denseblock3.denselayer8.gate,0.878047525882721
1,backbone.features.denseblock3.denselayer9.gate,0.8780121803283691
1,backbone.features.denseblock3.denselayer10.gate,0.8780338168144226
1,backbone.features.denseblock3.denselayer11.gate,0.8780525922775269
1,backbone.features.denseblock3.denselayer12.gate,0.8780427575111389
1,backbone.features.denseblock3.denselayer13.gate,0.8780322670936584
1,backbone.features.denseblock3.denselayer14.gate,0.8780360221862793
1,backbone.features.denseblock3.denselayer15.gate,0.8780356049537659
1,backbone.features.denseblock3.denselayer16.gate,0.8780478239059448
1,backbone.features.denseblock3.denselayer17.gate,0.8780210614204407
1,backbone.features.denseblock3.denselayer18.gate,0.8780637383460999
1,backbone.features.denseblock3.denselayer19.gate,0.878044605255127
1,backbone.features.denseblock3.denselayer20.gate,0.8780276775360107
1,backbone.features.denseblock3.denselayer21.gate,0.8780385255813599
1,backbone.features.denseblock3.denselayer22.gate,0.8780245780944824
1,backbone.features.denseblock3.denselayer23.gate,0.878065288066864
1,backbone.features.denseblock3.denselayer24.gate,0.8780139088630676
1,backbone.features.denseblock4.denselayer1.gate,0.8780815601348877
1,backbone.features.denseblock4.denselayer2.gate,0.8780929446220398
1,backbone.features.denseblock4.denselayer3.gate,0.8780914545059204
1,backbone.features.denseblock4.denselayer4.gate,0.8782050013542175
1,backbone.features.denseblock4.denselayer5.gate,0.8786770701408386
1,backbone.features.denseblock4.denselayer6.gate,0.8781889081001282
1,backbone.features.denseblock4.denselayer7.gate,0.8790689706802368
1,backbone.features.denseblock4.denselayer8.gate,0.8794681429862976
1,backbone.features.denseblock4.denselayer9.gate,0.8806354999542236
1,backbone.features.denseblock4.denselayer10.gate,0.8800243139266968
1,backbone.features.denseblock4.denselayer11.gate,0.8804418444633484
1,backbone.features.denseblock4.denselayer12.gate,0.87964928150177
1,backbone.features.denseblock4.denselayer13.gate,0.8800734281539917
1,backbone.features.denseblock4.denselayer14.gate,0.8798535466194153
1,backbone.features.denseblock4.denselayer15.gate,0.8801437020301819
1,backbone.features.denseblock4.denselayer16.gate,0.8784255981445312
2,backbone.features.denseblock1.denselayer1.gate,0.8753179907798767
2,backbone.features.denseblock1.denselayer2.gate,0.8752520084381104
2,backbone.features.denseblock1.denselayer3.gate,0.8752267956733704
2,backbone.features.denseblock1.denselayer4.gate,0.8751903176307678
2,backbone.features.denseblock1.denselayer5.gate,0.8751745223999023
2,backbone.features.denseblock1.denselayer6.gate,0.8751628398895264
2,backbone.features.denseblock2.denselayer1.gate,0.8752148747444153
2,backbone.features.denseblock2.denselayer2.gate,0.8751952052116394
2,backbone.features.denseblock2.denselayer3.gate,0.875175416469574
2,backbone.features.denseblock2.denselayer4.gate,0.8752104640007019
2,backbone.features.denseblock2.denselayer5.gate,0.8751846551895142
2,backbone.features.denseblock2.denselayer6.gate,0.8751583695411682
2,backbone.features.denseblock2.denselayer7.gate,0.8752219080924988
2,backbone.features.denseblock2.denselayer8.gate,0.8751848340034485
2,backbone.features.denseblock2.denselayer9.gate,0.8751556277275085
2,backbone.features.denseblock2.denselayer10.gate,0.8751901984214783
2,backbone.features.denseblock2.denselayer11.gate,0.8752098679542542
2,backbone.features.denseblock2.denselayer12.gate,0.8752596974372864
2,backbone.features.denseblock3.denselayer1.gate,0.8751716017723083
2,backbone.features.denseblock3.denselayer2.gate,0.8751981258392334
2,backbone.features.denseblock3.denselayer3.gate,0.8751829266548157
2,backbone.features.denseblock3.denselayer4.gate,0.8751683831214905
2,backbone.features.denseblock3.denselayer5.gate,0.8751412034034729
2,backbone.features.denseblock3.denselayer6.gate,0.8751845359802246
2,backbone.features.denseblock3.denselayer7.gate,0.8751855492591858
2,backbone.features.denseblock3.denselayer8.gate,0.8751984238624573
2,backbone.features.denseblock3.denselayer9.gate,0.8751599788665771
2,backbone.features.denseblock3.denselayer10.gate,0.8751803636550903
2,backbone.features.denseblock3.denselayer11.gate,0.8752050995826721
2,backbone.features.denseblock3.denselayer12.gate,0.8751899600028992
2,backbone.features.denseblock3.denselayer13.gate,0.8751867413520813
2,backbone.features.denseblock3.denselayer14.gate,0.8752154111862183
2,backbone.features.denseblock3.denselayer15.gate,0.8751898407936096
2,backbone.features.denseblock3.denselayer16.gate,0.8752231001853943
2,backbone.features.denseblock3.denselayer17.gate,0.8751717805862427
2,backbone.features.denseblock3.denselayer18.gate,0.8752406239509583
2,backbone.features.denseblock3.denselayer19.gate,0.8752198219299316
2,backbone.features.denseblock3.denselayer20.gate,0.8751999139785767
2,backbone.features.denseblock3.denselayer21.gate,0.8751994371414185
2,backbone.features.denseblock3.denselayer22.gate,0.8751412630081177
2,backbone.features.denseblock3.denselayer23.gate,0.8752534985542297
2,backbone.features.denseblock3.denselayer24.gate,0.8751554489135742
2,backbone.features.denseblock4.denselayer1.gate,0.8752148747444153
2,backbone.features.denseblock4.denselayer2.gate,0.875160813331604
2,backbone.features.denseblock4.denselayer3.gate,0.8752415180206299
2,backbone.features.denseblock4.denselayer4.gate,0.8753216862678528
2,backbone.features.denseblock4.denselayer5.gate,0.8758420944213867
2,backbone.features.denseblock4.denselayer6.gate,0.8750174045562744
2,backbone.features.denseblock4.denselayer7.gate,0.8762655854225159
2,backbone.features.denseblock4.denselayer8.gate,0.8768848180770874
2,backbone.features.denseblock4.denselayer9.gate,0.878530740737915
2,backbone.features.denseblock4.denselayer10.gate,0.8775117993354797
2,backbone.features.denseblock4.denselayer11.gate,0.8784242272377014
2,backbone.features.denseblock4.denselayer12.gate,0.8772504329681396
2,backbone.features.denseblock4.denselayer13.gate,0.8778568506240845
2,backbone.features.denseblock4.denselayer14.gate,0.8773815631866455
2,backbone.features.denseblock4.denselayer15.gate,0.8777660131454468
2,backbone.features.denseblock4.denselayer16.gate,0.8753662705421448
3,backbone.features.denseblock1.denselayer1.gate,0.8724181056022644
3,backbone.features.denseblock1.denselayer2.gate,0.8723924160003662
3,backbone.features.denseblock1.denselayer3.gate,0.8723084926605225
3,backbone.features.denseblock1.denselayer4.gate,0.8722350597381592
3,backbone.features.denseblock1.denselayer5.gate,0.8722358345985413
3,backbone.features.denseblock1.denselayer6.gate,0.8722254037857056
3,backbone.features.denseblock2.denselayer1.gate,0.8722459077835083
3,backbone.features.denseblock2.denselayer2.gate,0.8722773194313049
3,backbone.features.denseblock2.denselayer3.gate,0.872251570224762
3,backbone.features.denseblock2.denselayer4.gate,0.8722825050354004
3,backbone.features.denseblock2.denselayer5.gate,0.8722493052482605
3,backbone.features.denseblock2.denselayer6.gate,0.8722135424613953
3,backbone.features.denseblock2.denselayer7.gate,0.8723106980323792
3,backbone.features.denseblock2.denselayer8.gate,0.8722580671310425
3,backbone.features.denseblock2.denselayer9.gate,0.8722015619277954
3,backbone.features.denseblock2.denselayer10.gate,0.8722525238990784
3,backbone.features.denseblock2.denselayer11.gate,0.8723053336143494
3,backbone.features.denseblock2.denselayer12.gate,0.8723560571670532
3,backbone.features.denseblock3.denselayer1.gate,0.8722370266914368
3,backbone.features.denseblock3.denselayer2.gate,0.872270941734314
3,backbone.features.denseblock3.denselayer3.gate,0.8722394704818726
3,backbone.features.denseblock3.denselayer4.gate,0.8722297549247742
3,backbone.features.denseblock3.denselayer5.gate,0.8722025752067566
3,backbone.features.denseblock3.denselayer6.gate,0.8722667098045349
3,backbone.features.denseblock3.denselayer7.gate,0.8722656965255737
3,backbone.features.denseblock3.denselayer8.gate,0.8722643256187439
3,backbone.features.denseblock3.denselayer9.gate,0.8722208142280579
3,backbone.features.denseblock3.denselayer10.gate,0.8722482919692993
3,backbone.features.denseblock3.denselayer11.gate,0.8722780346870422
3,backbone.features.denseblock3.denselayer12.gate,0.8722705245018005
3,backbone.features.denseblock3.denselayer13.gate,0.872252345085144
3,backbone.features.denseblock3.denselayer14.gate,0.8722898364067078
3,backbone.features.denseblock3.denselayer15.gate,0.8722741603851318
3,backbone.features.denseblock3.denselayer16.gate,0.8722886443138123
3,backbone.features.denseblock3.denselayer17.gate,0.8722525238990784
3,backbone.features.denseblock3.denselayer18.gate,0.8723158836364746
3,backbone.features.denseblock3.denselayer19.gate,0.8722891211509705
3,backbone.features.denseblock3.denselayer20.gate,0.8722499012947083
3,backbone.features.denseblock3.denselayer21.gate,0.8722686767578125
3,backbone.features.denseblock3.denselayer22.gate,0.8722121715545654
3,backbone.features.denseblock3.denselayer23.gate,0.8723322749137878
3,backbone.features.denseblock3.denselayer24.gate,0.8722401857376099
3,backbone.features.denseblock4.denselayer1.gate,0.8722363114356995
3,backbone.features.denseblock4.denselayer2.gate,0.8721150755882263
3,backbone.features.denseblock4.denselayer3.gate,0.8722559809684753
3,backbone.features.denseblock4.denselayer4.gate,0.8722724318504333
3,backbone.features.denseblock4.denselayer5.gate,0.8727953433990479
3,backbone.features.denseblock4.denselayer6.gate,0.8717787265777588
3,backbone.features.denseblock4.denselayer7.gate,0.87319016456604
3,backbone.features.denseblock4.denselayer8.gate,0.8737233281135559
3,backbone.features.denseblock4.denselayer9.gate,0.8757066130638123
3,backbone.features.denseblock4.denselayer10.gate,0.8744117617607117
3,backbone.features.denseblock4.denselayer11.gate,0.8757778406143188
3,backbone.features.denseblock4.denselayer12.gate,0.8742928504943848
3,backbone.features.denseblock4.denselayer13.gate,0.8750228881835938
3,backbone.features.denseblock4.denselayer14.gate,0.8743810653686523
3,backbone.features.denseblock4.denselayer15.gate,0.8747773170471191
3,backbone.features.denseblock4.denselayer16.gate,0.8721655607223511
4,backbone.features.denseblock1.denselayer1.gate,0.8694183230400085
4,backbone.features.denseblock1.denselayer2.gate,0.8694055080413818
4,backbone.features.denseblock1.denselayer3.gate,0.8692846298217773
4,backbone.features.denseblock1.denselayer4.gate,0.8692178130149841
4,backbone.features.denseblock1.denselayer5.gate,0.869227945804596
4,backbone.features.denseblock1.denselayer6.gate,0.8692100644111633
4,backbone.features.denseblock2.denselayer1.gate,0.869231104850769
4,backbone.features.denseblock2.denselayer2.gate,0.8692501187324524
4,backbone.features.denseblock2.denselayer3.gate,0.869239866733551
4,backbone.features.denseblock2.denselayer4.gate,0.8692705631256104
4,backbone.features.denseblock2.denselayer5.gate,0.8692488670349121
4,backbone.features.denseblock2.denselayer6.gate,0.8691906929016113
4,backbone.features.denseblock2.denselayer7.gate,0.8693179488182068
4,backbone.features.denseblock2.denselayer8.gate,0.8692526817321777
4,backbone.features.denseblock2.denselayer9.gate,0.8691656589508057
4,backbone.features.denseblock2.denselayer10.gate,0.8692787885665894
4,backbone.features.denseblock2.denselayer11.gate,0.8693077564239502
4,backbone.features.denseblock2.denselayer12.gate,0.8693675994873047
4,backbone.features.denseblock3.denselayer1.gate,0.8692185282707214
4,backbone.features.denseblock3.denselayer2.gate,0.8692456483840942
4,backbone.features.denseblock3.denselayer3.gate,0.8692135810852051
4,backbone.features.denseblock3.denselayer4.gate,0.8692024946212769
4,backbone.features.denseblock3.denselayer5.gate,0.8691767454147339
4,backbone.features.denseblock3.denselayer6.gate,0.8692506551742554
4,backbone.features.denseblock3.denselayer7.gate,0.8692506551742554
4,backbone.features.denseblock3.denselayer8.gate,0.8692606687545776
4,backbone.features.denseblock3.denselayer9.gate,0.8691930174827576
4,backbone.features.denseblock3.denselayer10.gate,0.8692209720611572
4,backbone.features.denseblock3.denselayer11.gate,0.8692609667778015
4,backbone.features.denseblock3.denselayer12.gate,0.8692604303359985
4,backbone.features.denseblock3.denselayer13.gate,0.8692377805709839
4,backbone.features.denseblock3.denselayer14.gate,0.8692901134490967
4,backbone.features.denseblock3.denselayer15.gate,0.8692750930786133
4,backbone.features.denseblock3.denselayer16.gate,0.8693087697029114
4,backbone.features.denseblock3.denselayer17.gate,0.8692331910133362
4,backbone.features.denseblock3.denselayer18.gate,0.8693122863769531
4,backbone.features.denseblock3.denselayer19.gate,0.8692823648452759
4,backbone.features.denseblock3.denselayer20.gate,0.86925208568573
4,backbone.features.denseblock3.denselayer21.gate,0.8692517280578613
4,backbone.features.denseblock3.denselayer22.gate,0.8691914081573486
4,backbone.features.denseblock3.denselayer23.gate,0.8693339824676514
4,backbone.features.denseblock3.denselayer24.gate,0.869239866733551
4,backbone.features.denseblock4.denselayer1.gate,0.8691730499267578
4,backbone.features.denseblock4.denselayer2.gate,0.8689975738525391
4,backbone.features.denseblock4.denselayer3.gate,0.8691926598548889
4,backbone.features.denseblock4.denselayer4.gate,0.8691359162330627
4,backbone.features.denseblock4.denselayer5.gate,0.869566023349762
4,backbone.features.denseblock4.denselayer6.gate,0.8685030937194824
4,backbone.features.denseblock4.denselayer7.gate,0.8699572682380676
4,backbone.features.denseblock4.denselayer8.gate,0.8704237341880798
4,backbone.features.denseblock4.denselayer9.gate,0.8725373148918152
4,backbone.features.denseblock4.denselayer10.gate,0.8711060881614685
4,backbone.features.denseblock4.denselayer11.gate,0.8728256821632385
4,backbone.features.denseblock4.denselayer12.gate,0.8710644245147705
4,backbone.features.denseblock4.denselayer13.gate,0.8719525337219238
4,backbone.features.denseblock4.denselayer14.gate,0.8711383938789368
4,backbone.features.denseblock4.denselayer15.gate,0.8715760111808777
4,backbone.features.denseblock4.denselayer16.gate,0.8688818216323853
5,backbone.features.denseblock1.denselayer1.gate,0.8663421273231506
5,backbone.features.denseblock1.denselayer2.gate,0.8663350343704224
5,backbone.features.denseblock1.denselayer3.gate,0.8662095665931702
5,backbone.features.denseblock1.denselayer4.gate,0.866144597530365
5,backbone.features.denseblock1.denselayer5.gate,0.8661440014839172
5,backbone.features.denseblock1.denselayer6.gate,0.8661322593688965
5,backbone.features.denseblock2.denselayer1.gate,0.8661368489265442
5,backbone.features.denseblock2.denselayer2.gate,0.8661669492721558
5,backbone.features.denseblock2.denselayer3.gate,0.8661664128303528
5,backbone.features.denseblock2.denselayer4.gate,0.8661928176879883
5,backbone.features.denseblock2.denselayer5.gate,0.8661757111549377
5,backbone.features.denseblock2.denselayer6.gate,0.8661103844642639
5,backbone.features.denseblock2.denselayer7.gate,0.8662367463111877
5,backbone.features.denseblock2.denselayer8.gate,0.8661644458770752
5,backbone.features.denseblock2.denselayer9.gate,0.8660762906074524
5,backbone.features.denseblock2.denselayer10.gate,0.8662387132644653
5,backbone.features.denseblock2.denselayer11.gate,0.8662375211715698
5,backbone.features.denseblock2.denselayer12.gate,0.8663061857223511
5,backbone.features.denseblock3.denselayer1.gate,0.8661258220672607
5,backbone.features.denseblock3.denselayer2.gate,0.8661475777626038
5,backbone.features.denseblock3.denselayer3.gate,0.866134524345398
5,backbone.features.denseblock3.denselayer4.gate,0.8661146759986877
5,backbone.features.denseblock3.denselayer5.gate,0.8660879135131836
5,backbone.features.denseblock3.denselayer6.gate,0.8661685585975647
5,backbone.features.denseblock3.denselayer7.gate,0.8661648035049438
5,backbone.features.denseblock3.denselayer8.gate,0.8661872744560242
5,backbone.features.denseblock3.denselayer9.gate,0.8661082983016968
5,backbone.features.denseblock3.denselayer10.gate,0.8661295175552368
5,backbone.features.denseblock3.denselayer11.gate,0.8661787509918213
5,backbone.features.denseblock3.denselayer12.gate,0.8661967515945435
5,backbone.features.denseblock3.denselayer13.gate,0.8661562204360962
5,backbone.features.denseblock3.denselayer14.gate,0.8662106394767761
5,backbone.features.denseblock3.denselayer15.gate,0.8661920428276062
5,backbone.features.denseblock3.denselayer16.gate,0.8662596344947815
5,backbone.features.denseblock3.denselayer17.gate,0.8661642074584961
5,backbone.features.denseblock3.denselayer18.gate,0.8662305474281311
5,backbone.features.denseblock3.denselayer19.gate,0.8662047982215881
5,backbone.features.denseblock3.denselayer20.gate,0.8661840558052063
5,backbone.features.denseblock3.denselayer21.gate,0.8661820888519287
5,backbone.features.denseblock3.denselayer22.gate,0.8661132454872131
5,backbone.features.denseblock3.denselayer23.gate,0.8662735223770142
5,backbone.features.denseblock3.denselayer24.gate,0.8661829233169556
5,backbone.features.denseblock4.denselayer1.gate,0.866067111492157
5,backbone.features.denseblock4.denselayer2.gate,0.8658257126808167
5,backbone.features.denseblock4.denselayer3.gate,0.8660399317741394
5,backbone.features.denseblock4.denselayer4.gate,0.8659414052963257
5,backbone.features.denseblock4.denselayer5.gate,0.8662992715835571
5,backbone.features.denseblock4.denselayer6.gate,0.8652111291885376
5,backbone.features.denseblock4.denselayer7.gate,0.8666942715644836
5,backbone.features.denseblock4.denselayer8.gate,0.8671448826789856
5,backbone.features.denseblock4.denselayer9.gate,0.8693805932998657
5,backbone.features.denseblock4.denselayer10.gate,0.8678418397903442
5,backbone.features.denseblock4.denselayer11.gate,0.8698031902313232
5,backbone.features.denseblock4.denselayer12.gate,0.8678426742553711
5,backbone.features.denseblock4.denselayer13.gate,0.8688009977340698
5,backbone.features.denseblock4.denselayer14.gate,0.8678842186927795
5,backbone.features.denseblock4.denselayer15.gate,0.8683941960334778
5,backbone.features.denseblock4.denselayer16.gate,0.8656052947044373
6,backbone.features.denseblock1.denselayer1.gate,0.863193154335022
6,backbone.features.denseblock1.denselayer2.gate,0.8631729483604431
6,backbone.features.denseblock1.denselayer3.gate,0.8630391955375671
6,backbone.features.denseblock1.denselayer4.gate,0.8629790544509888
6,backbone.features.denseblock1.denselayer5.gate,0.8629619479179382
6,backbone.features.denseblock1.denselayer6.gate,0.862949013710022
6,backbone.features.denseblock2.denselayer1.gate,0.862960159778595
6,backbone.features.denseblock2.denselayer2.gate,0.8629851341247559
6,backbone.features.denseblock2.denselayer3.gate,0.8629984259605408
6,backbone.features.denseblock2.denselayer4.gate,0.8630262017250061
6,backbone.features.denseblock2.denselayer5.gate,0.8630036115646362
6,backbone.features.denseblock2.denselayer6.gate,0.8629231452941895
6,backbone.features.denseblock2.denselayer7.gate,0.8630820512771606
6,backbone.features.denseblock2.denselayer8.gate,0.8629966378211975
6,backbone.features.denseblock2.denselayer9.gate,0.8628786206245422
6,backbone.features.denseblock2.denselayer10.gate,0.863067626953125
6,backbone.features.denseblock2.denselayer11.gate,0.8630794286727905
6,backbone.features.denseblock2.denselayer12.gate,0.863182783126831
6,backbone.features.denseblock3.denselayer1.gate,0.8629493117332458
6,backbone.features.denseblock3.denselayer2.gate,0.8629786372184753
6,backbone.features.denseblock3.denselayer3.gate,0.8629632592201233
6,backbone.features.denseblock3.denselayer4.gate,0.8629357814788818
6,backbone.features.denseblock3.denselayer5.gate,0.8629124760627747
6,backbone.features.denseblock3.denselayer6.gate,0.8629977107048035
6,backbone.features.denseblock3.denselayer7.gate,0.8629982471466064
6,backbone.features.denseblock3.denselayer8.gate,0.863028347492218
6,backbone.features.denseblock3.denselayer9.gate,0.8629229068756104
6,backbone.features.denseblock3.denselayer10.gate,0.8629553914070129
6,backbone.features.denseblock3.denselayer11.gate,0.8629951477050781
6,backbone.features.denseblock3.denselayer12.gate,0.8629980683326721
6,backbone.features.denseblock3.denselayer13.gate,0.8629763126373291
6,backbone.features.denseblock3.denselayer14.gate,0.8630430102348328
6,backbone.features.denseblock3.denselayer15.gate,0.8630199432373047
6,backbone.features.denseblock3.denselayer16.gate,0.8631299138069153
6,backbone.features.denseblock3.denselayer17.gate,0.8629935383796692
6,backbone.features.denseblock3.denselayer18.gate,0.8630531430244446
6,backbone.features.denseblock3.denselayer19.gate,0.8630380630493164
6,backbone.features.denseblock3.denselayer20.gate,0.8630077838897705
6,backbone.features.denseblock3.denselayer21.gate,0.8630110621452332
6,backbone.features.denseblock3.denselayer22.gate,0.8629367351531982
6,backbone.features.denseblock3.denselayer23.gate,0.8631221055984497
6,backbone.features.denseblock3.denselayer24.gate,0.8630380630493164
6,backbone.features.denseblock4.denselayer1.gate,0.8628562092781067
6,backbone.features.denseblock4.denselayer2.gate,0.8625743389129639
6,backbone.features.denseblock4.denselayer3.gate,0.8628239035606384
6,backbone.features.denseblock4.denselayer4.gate,0.8626819252967834
6,backbone.features.denseblock4.denselayer5.gate,0.863012969493866
6,backbone.features.denseblock4.denselayer6.gate,0.8618499636650085
6,backbone.features.denseblock4.denselayer7.gate,0.8633483052253723
6,backbone.features.denseblock4.denselayer8.gate,0.8638305068016052
6,backbone.features.denseblock4.denselayer9.gate,0.8660855889320374
6,backbone.features.denseblock4.denselayer10.gate,0.8645017743110657
6,backbone.features.denseblock4.denselayer11.gate,0.8665953278541565
6,backbone.features.denseblock4.denselayer12.gate,0.8644973039627075
6,backbone.features.denseblock4.denselayer13.gate,0.8654811978340149
6,backbone.features.denseblock4.denselayer14.gate,0.864506721496582
6,backbone.features.denseblock4.denselayer15.gate,0.865105390548706
6,backbone.features.denseblock4.denselayer16.gate,0.862243115901947
7,backbone.features.denseblock1.denselayer1.gate,0.8599558472633362
7,backbone.features.denseblock1.denselayer2.gate,0.8599335551261902
7,backbone.features.denseblock1.denselayer3.gate,0.8598065376281738
7,backbone.features.denseblock1.denselayer4.gate,0.8597208857536316
7,backbone.features.denseblock1.denselayer5.gate,0.8597149848937988
7,backbone.features.denseblock1.denselayer6.gate,0.8596906065940857
7,backbone.features.denseblock2.denselayer1.gate,0.8597165942192078
7,backbone.features.denseblock2.denselayer2.gate,0.859727144241333
7,backbone.features.denseblock2.denselayer3.gate,0.8597357869148254
7,backbone.features.denseblock2.denselayer4.gate,0.8597698211669922
7,backbone.features.denseblock2.denselayer5.gate,0.8597720265388489
7,backbone.features.denseblock2.denselayer6.gate,0.8596581816673279
7,backbone.features.denseblock2.denselayer7.gate,0.859829843044281
7,backbone.features.denseblock2.denselayer8.gate,0.8597590327262878
7,backbone.features.denseblock2.denselayer9.gate,0.859620988368988
7,backbone.features.denseblock2.denselayer10.gate,0.8598119020462036
7,backbone.features.denseblock2.denselayer11.gate,0.8598403930664062
7,backbone.features.denseblock2.denselayer12.gate,0.8599611520767212
7,backbone.features.denseblock3.denselayer1.gate,0.8596985936164856
7,backbone.features.denseblock3.denselayer2.gate,0.8597317934036255
7,backbone.features.denseblock3.denselayer3.gate,0.8597073554992676
7,backbone.features.denseblock3.denselayer4.gate,0.8596712946891785
7,backbone.features.denseblock3.denselayer5.gate,0.8596506118774414
7,backbone.features.denseblock3.denselayer6.gate,0.8597502112388611
7,backbone.features.denseblock3.denselayer7.gate,0.859749436378479
7,backbone.features.denseblock3.denselayer8.gate,0.859791100025177
7,backbone.features.denseblock3.denselayer9.gate,0.8596620559692383
7,backbone.features.denseblock3.denselayer10.gate,0.8596996665000916
7,backbone.features.denseblock3.denselayer11.gate,0.8597556948661804
7,backbone.features.denseblock3.denselayer12.gate,0.8597460985183716
7,backbone.features.denseblock3.denselayer13.gate,0.8597192168235779
7,backbone.features.denseblock3.denselayer14.gate,0.8597875833511353
7,backbone.features.denseblock3.denselayer15.gate,0.8597739338874817
7,backbone.features.denseblock3.denselayer16.gate,0.8598896861076355
7,backbone.features.denseblock3.denselayer17.gate,0.859744131565094
7,backbone.features.denseblock3.denselayer18.gate,0.8598039150238037
7,backbone.features.denseblock3.denselayer19.gate,0.8598018884658813
7,backbone.features.denseblock3.denselayer20.gate,0.8597641587257385
7,backbone.features.denseblock3.denselayer21.gate,0.8597627282142639
7,backbone.features.denseblock3.denselayer22.gate,0.8596947193145752
7,backbone.features.denseblock3.denselayer23.gate,0.8598855137825012
7,backbone.features.denseblock3.denselayer24.gate,0.8597885966300964
7,backbone.features.denseblock4.denselayer1.gate,0.8595905900001526
7,backbone.features.denseblock4.denselayer2.gate,0.8592185974121094
7,backbone.features.denseblock4.denselayer3.gate,0.8595182299613953
7,backbone.features.denseblock4.denselayer4.gate,0.8593206405639648
7,backbone.features.denseblock4.denselayer5.gate,0.8596109747886658
7,backbone.features.denseblock4.denselayer6.gate,0.8584408760070801
7,backbone.features.denseblock4.denselayer7.gate,0.8599817752838135
7,backbone.features.denseblock4.denselayer8.gate,0.860440194606781
7,backbone.features.denseblock4.denselayer9.gate,0.8627600073814392
7,backbone.features.denseblock4.denselayer10.gate,0.8611116409301758
7,backbone.features.denseblock4.denselayer11.gate,0.8633226156234741
7,backbone.features.denseblock4.denselayer12.gate,0.861086368560791
7,backbone.features.denseblock4.denselayer13.gate,0.8621326684951782
7,backbone.features.denseblock4.denselayer14.gate,0.8611152172088623
7,backbone.features.denseblock4.denselayer15.gate,0.8617146015167236
7,backbone.features.denseblock4.denselayer16.gate,0.8588422536849976
8,backbone.features.denseblock1.denselayer1.gate,0.8566312789916992
8,backbone.features.denseblock1.denselayer2.gate,0.8566045165061951
8,backbone.features.denseblock1.denselayer3.gate,0.8564784526824951
8,backbone.features.denseblock1.denselayer4.gate,0.8563894033432007
8,backbone.features.denseblock1.denselayer5.gate,0.8563827276229858
8,backbone.features.denseblock1.denselayer6.gate,0.8563521504402161
8,backbone.features.denseblock2.denselayer1.gate,0.8563823103904724
8,backbone.features.denseblock2.denselayer2.gate,0.8563932180404663
8,backbone.features.denseblock2.denselayer3.gate,0.8564064502716064
8,backbone.features.denseblock2.denselayer4.gate,0.8564527034759521
8,backbone.features.denseblock2.denselayer5.gate,0.8564444780349731
8,backbone.features.denseblock2.denselayer6.gate,0.8563236594200134
8,backbone.features.denseblock2.denselayer7.gate,0.8565214276313782
8,backbone.features.denseblock2.denselayer8.gate,0.8564305305480957
8,backbone.features.denseblock2.denselayer9.gate,0.8562788963317871
8,backbone.features.denseblock2.denselayer10.gate,0.8564920425415039
8,backbone.features.denseblock2.denselayer11.gate,0.8565274477005005
8,backbone.features.denseblock2.denselayer12.gate,0.8566299676895142
8,backbone.features.denseblock3.denselayer1.gate,0.8563660383224487
8,backbone.features.denseblock3.denselayer2.gate,0.8563953042030334
8,backbone.features.denseblock3.denselayer3.gate,0.8563660383224487
8,backbone.features.denseblock3.denselayer4.gate,0.8563394546508789
8,backbone.features.denseblock3.denselayer5.gate,0.8563229441642761
8,backbone.features.denseblock3.denselayer6.gate,0.8564138412475586
8,backbone.features.denseblock3.denselayer7.gate,0.8564199209213257
8,backbone.features.denseblock3.denselayer8.gate,0.8564581871032715
8,backbone.features.denseblock3.denselayer9.gate,0.8563341498374939
8,backbone.features.denseblock3.denselayer10.gate,0.8563587665557861
8,backbone.features.denseblock3.denselayer11.gate,0.8564184904098511
8,backbone.features.denseblock3.denselayer12.gate,0.8564095497131348
8,backbone.features.denseblock3.denselayer13.gate,0.8563952445983887
8,backbone.features.denseblock3.denselayer14.gate,0.8564613461494446
8,backbone.features.denseblock3.denselayer15.gate,0.8564501404762268
8,backbone.features.denseblock3.denselayer16.gate,0.8565707206726074
8,backbone.features.denseblock3.denselayer17.gate,0.8564193844795227
8,backbone.features.denseblock3.denselayer18.gate,0.8564735054969788
8,backbone.features.denseblock3.denselayer19.gate,0.8564830422401428
8,backbone.features.denseblock3.denselayer20.gate,0.8564600944519043
8,backbone.features.denseblock3.denselayer21.gate,0.8564316034317017
8,backbone.features.denseblock3.denselayer22.gate,0.8563662767410278
8,backbone.features.denseblock3.denselayer23.gate,0.8565617203712463
8,backbone.features.denseblock3.denselayer24.gate,0.8564844131469727
8,backbone.features.denseblock4.denselayer1.gate,0.8562331795692444
8,backbone.features.denseblock4.denselayer2.gate,0.8558239340782166
8,backbone.features.denseblock4.denselayer3.gate,0.8561394214630127
8,backbone.features.denseblock4.denselayer4.gate,0.8559114336967468
8,backbone.features.denseblock4.denselayer5.gate,0.8561756610870361
8,backbone.features.denseblock4.denselayer6.gate,0.8549709916114807
8,backbone.features.denseblock4.denselayer7.gate,0.8565841913223267
8,backbone.features.denseblock4.denselayer8.gate,0.856995165348053
8,backbone.features.denseblock4.denselayer9.gate,0.8593617081642151
8,backbone.features.denseblock4.denselayer10.gate,0.8576560020446777
8,backbone.features.denseblock4.denselayer11.gate,0.8600157499313354
8,backbone.features.denseblock4.denselayer12.gate,0.8576889634132385
8,backbone.features.denseblock4.denselayer13.gate,0.8586935997009277
8,backbone.features.denseblock4.denselayer14.gate,0.8576911687850952
8,backbone.features.denseblock4.denselayer15.gate,0.8583004474639893
8,backbone.features.denseblock4.denselayer16.gate,0.8553866147994995
9,backbone.features.denseblock1.denselayer1.gate,0.8532302379608154
9,backbone.features.denseblock1.denselayer2.gate,0.8532015681266785
9,backbone.features.denseblock1.denselayer3.gate,0.8530705571174622
9,backbone.features.denseblock1.denselayer4.gate,0.8529861569404602
9,backbone.features.denseblock1.denselayer5.gate,0.8529768586158752
9,backbone.features.denseblock1.denselayer6.gate,0.852935254573822
9,backbone.features.denseblock2.denselayer1.gate,0.8529726266860962
9,backbone.features.denseblock2.denselayer2.gate,0.8529782891273499
9,backbone.features.denseblock2.denselayer3.gate,0.8529985547065735
9,backbone.features.denseblock2.denselayer4.gate,0.853040874004364
9,backbone.features.denseblock2.denselayer5.gate,0.8530436754226685
9,backbone.features.denseblock2.denselayer6.gate,0.8529180884361267
9,backbone.features.denseblock2.denselayer7.gate,0.8531162142753601
9,backbone.features.denseblock2.denselayer8.gate,0.8530330061912537
9,backbone.features.denseblock2.denselayer9.gate,0.8528705835342407
9,backbone.features.denseblock2.denselayer10.gate,0.8530936241149902
9,backbone.features.denseblock2.denselayer11.gate,0.8531132340431213
9,backbone.features.denseblock2.denselayer12.gate,0.8532583117485046
9,backbone.features.denseblock3.denselayer1.gate,0.8529503345489502
9,backbone.features.denseblock3.denselayer2.gate,0.8529924750328064
9,backbone.features.denseblock3.denselayer3.gate,0.8529506325721741
9,backbone.features.denseblock3.denselayer4.gate,0.8529219031333923
9,backbone.features.denseblock3.denselayer5.gate,0.8529135584831238
9,backbone.features.denseblock3.denselayer6.gate,0.8529872894287109
9,backbone.features.denseblock3.denselayer7.gate,0.8530102968215942
9,backbone.features.denseblock3.denselayer8.gate,0.8530682921409607
9,backbone.features.denseblock3.denselayer9.gate,0.8529279828071594
9,backbone.features.denseblock3.denselayer10.gate,0.8529512882232666
9,backbone.features.denseblock3.denselayer11.gate,0.8530055284500122
9,backbone.features.denseblock3.denselayer12.gate,0.8530119061470032
9,backbone.features.denseblock3.denselayer13.gate,0.852984607219696
9,backbone.features.denseblock3.denselayer14.gate,0.8530533909797668
9,backbone.features.denseblock3.denselayer15.gate,0.8530480265617371
9,backbone.features.denseblock3.denselayer16.gate,0.8532012104988098
9,backbone.features.denseblock3.denselayer17.gate,0.8530192971229553
9,backbone.features.denseblock3.denselayer18.gate,0.8530749082565308
9,backbone.features.denseblock3.denselayer19.gate,0.8530676960945129
9,backbone.features.denseblock3.denselayer20.gate,0.8530519008636475
9,backbone.features.denseblock3.denselayer21.gate,0.8530266880989075
9,backbone.features.denseblock3.denselayer22.gate,0.8529505133628845
9,backbone.features.denseblock3.denselayer23.gate,0.853191077709198
9,backbone.features.denseblock3.denselayer24.gate,0.85307776927948
9,backbone.features.denseblock4.denselayer1.gate,0.8527962565422058
9,backbone.features.denseblock4.denselayer2.gate,0.8523696660995483
9,backbone.features.denseblock4.denselayer3.gate,0.8526779413223267
9,backbone.features.denseblock4.denselayer4.gate,0.852427065372467
9,backbone.features.denseblock4.denselayer5.gate,0.852648138999939
9,backbone.features.denseblock4.denselayer6.gate,0.8514462113380432
9,backbone.features.denseblock4.denselayer7.gate,0.853108823299408
9,backbone.features.denseblock4.denselayer8.gate,0.8534688353538513
9,backbone.features.denseblock4.denselayer9.gate,0.8558590412139893
9,backbone.features.denseblock4.denselayer10.gate,0.8541704416275024
9,backbone.features.denseblock4.denselayer11.gate,0.856590747833252
9,backbone.features.denseblock4.denselayer12.gate,0.8541789650917053
9,backbone.features.denseblock4.denselayer13.gate,0.8551915287971497
9,backbone.features.denseblock4.denselayer14.gate,0.8542087078094482
9,backbone.features.denseblock4.denselayer15.gate,0.8547976613044739
9,backbone.features.denseblock4.denselayer16.gate,0.8518534302711487
10,backbone.features.denseblock1.denselayer1.gate,0.8497541546821594
10,backbone.features.denseblock1.denselayer2.gate,0.8497264385223389
10,backbone.features.denseblock1.denselayer3.gate,0.8495842814445496
10,backbone.features.denseblock1.denselayer4.gate,0.8494964838027954
10,backbone.features.denseblock1.denselayer5.gate,0.8494945168495178
10,backbone.features.denseblock1.denselayer6.gate,0.8494421243667603
10,backbone.features.denseblock2.denselayer1.gate,0.8494871854782104
10,backbone.features.denseblock2.denselayer2.gate,0.8494780659675598
10,backbone.features.denseblock2.denselayer3.gate,0.8495165705680847
10,backbone.features.denseblock2.denselayer4.gate,0.8495644330978394
10,backbone.features.denseblock2.denselayer5.gate,0.8495577573776245
10,backbone.features.denseblock2.denselayer6.gate,0.8494387865066528
10,backbone.features.denseblock2.denselayer7.gate,0.8496379256248474
10,backbone.features.denseblock2.denselayer8.gate,0.8495482802391052
10,backbone.features.denseblock2.denselayer9.gate,0.8493691086769104
10,backbone.features.denseblock2.denselayer10.gate,0.8496467471122742
10,backbone.features.denseblock2.denselayer11.gate,0.8496285080909729
10,backbone.features.denseblock2.denselayer12.gate,0.8497768640518188
10,backbone.features.denseblock3.denselayer1.gate,0.8494638800621033
10,backbone.features.denseblock3.denselayer2.gate,0.8495102524757385
10,backbone.features.denseblock3.denselayer3.gate,0.8494651913642883
10,backbone.features.denseblock3.denselayer4.gate,0.8494226932525635
10,backbone.features.denseblock3.denselayer5.gate,0.849418044090271
10,backbone.features.denseblock3.denselayer6.gate,0.8494989275932312
10,backbone.features.denseblock3.denselayer7.gate,0.8495187163352966
10,backbone.features.denseblock3.denselayer8.gate,0.8495838046073914
10,backbone.features.denseblock3.denselayer9.gate,0.8494380712509155
10,backbone.features.denseblock3.denselayer10.gate,0.8494626879692078
10,backbone.features.denseblock3.denselayer11.gate,0.8495213389396667
10,backbone.features.denseblock3.denselayer12.gate,0.8495140671730042
10,backbone.features.denseblock3.denselayer13.gate,0.8495003581047058
10,backbone.features.denseblock3.denselayer14.gate,0.849561870098114
10,backbone.features.denseblock3.denselayer15.gate,0.8495666980743408
10,backbone.features.denseblock3.denselayer16.gate,0.8497729301452637
10,backbone.features.denseblock3.denselayer17.gate,0.8495355248451233
10,backbone.features.denseblock3.denselayer18.gate,0.8496124148368835
10,backbone.features.denseblock3.denselayer19.gate,0.8495851159095764
10,backbone.features.denseblock3.denselayer20.gate,0.8495786786079407
10,backbone.features.denseblock3.denselayer21.gate,0.8495560884475708
10,backbone.features.denseblock3.denselayer22.gate,0.8494652509689331
10,backbone.features.denseblock3.denselayer23.gate,0.8497576713562012
10,backbone.features.denseblock3.denselayer24.gate,0.849606990814209
10,backbone.features.denseblock4.denselayer1.gate,0.8493032455444336
10,backbone.features.denseblock4.denselayer2.gate,0.8488580584526062
10,backbone.features.denseblock4.denselayer3.gate,0.8491417765617371
10,backbone.features.denseblock4.denselayer4.gate,0.848883330821991
10,backbone.features.denseblock4.denselayer5.gate,0.8490689992904663
10,backbone.features.denseblock4.denselayer6.gate,0.847848653793335
10,backbone.features.denseblock4.denselayer7.gate,0.8495829701423645
10,backbone.features.denseblock4.denselayer8.gate,0.849895179271698
10,backbone.features.denseblock4.denselayer9.gate,0.8523527979850769
10,backbone.features.denseblock4.denselayer10.gate,0.8506053686141968
10,backbone.features.denseblock4.denselayer11.gate,0.8531274199485779
10,backbone.features.denseblock4.denselayer12.gate,0.8506231904029846
10,backbone.features.denseblock4.denselayer13.gate,0.8516390323638916
10,backbone.features.denseblock4.denselayer14.gate,0.8506541848182678
10,backbone.features.denseblock4.denselayer15.gate,0.8512645959854126
10,backbone.features.denseblock4.denselayer16.gate,0.8482674956321716
11,backbone.features.denseblock1.denselayer1.gate,0.8462072610855103
11,backbone.features.denseblock1.denselayer2.gate,0.8461763262748718
11,backbone.features.denseblock1.denselayer3.gate,0.8460326790809631
11,backbone.features.denseblock1.denselayer4.gate,0.8459160923957825
11,backbone.features.denseblock1.denselayer5.gate,0.8459309935569763
11,backbone.features.denseblock1.denselayer6.gate,0.8458759188652039
11,backbone.features.denseblock2.denselayer1.gate,0.8459162712097168
11,backbone.features.denseblock2.denselayer2.gate,0.8459129333496094
11,backbone.features.denseblock2.denselayer3.gate,0.8459479212760925
11,backbone.features.denseblock2.denselayer4.gate,0.8459921479225159
11,backbone.features.denseblock2.denselayer5.gate,0.8459920883178711
11,backbone.features.denseblock2.denselayer6.gate,0.8458765149116516
11,backbone.features.denseblock2.denselayer7.gate,0.8460783362388611
11,backbone.features.denseblock2.denselayer8.gate,0.8460005521774292
11,backbone.features.denseblock2.denselayer9.gate,0.8458046913146973
11,backbone.features.denseblock2.denselayer10.gate,0.8460836410522461
11,backbone.features.denseblock2.denselayer11.gate,0.8460820317268372
11,backbone.features.denseblock2.denselayer12.gate,0.8462256789207458
11,backbone.features.denseblock3.denselayer1.gate,0.8458894491195679
11,backbone.features.denseblock3.denselayer2.gate,0.8459416627883911
11,backbone.features.denseblock3.denselayer3.gate,0.8459042906761169
11,backbone.features.denseblock3.denselayer4.gate,0.8458575010299683
11,backbone.features.denseblock3.denselayer5.gate,0.8458512425422668
11,backbone.features.denseblock3.denselayer6.gate,0.8459412455558777
11,backbone.features.denseblock3.denselayer7.gate,0.845958411693573
11,backbone.features.denseblock3.denselayer8.gate,0.8460134863853455
11,backbone.features.denseblock3.denselayer9.gate,0.8458710312843323
11,backbone.features.denseblock3.denselayer10.gate,0.8458990454673767
11,backbone.features.denseblock3.denselayer11.gate,0.8459563255310059
11,backbone.features.denseblock3.denselayer12.gate,0.8459578156471252
11,backbone.features.denseblock3.denselayer13.gate,0.8459305763244629
11,backbone.features.denseblock3.denselayer14.gate,0.8460162281990051
11,backbone.features.denseblock3.denselayer15.gate,0.845995306968689
11,backbone.features.denseblock3.denselayer16.gate,0.8462355732917786
11,backbone.features.denseblock3.denselayer17.gate,0.845970869064331
11,backbone.features.denseblock3.denselayer18.gate,0.8460511565208435
11,backbone.features.denseblock3.denselayer19.gate,0.8460179567337036
11,backbone.features.denseblock3.denselayer20.gate,0.8460278511047363
11,backbone.features.denseblock3.denselayer21.gate,0.8460065722465515
11,backbone.features.denseblock3.denselayer22.gate,0.8459019064903259
11,backbone.features.denseblock3.denselayer23.gate,0.8462146520614624
11,backbone.features.denseblock3.denselayer24.gate,0.8460907340049744
11,backbone.features.denseblock4.denselayer1.gate,0.8457190990447998
11,backbone.features.denseblock4.denselayer2.gate,0.8452438116073608
11,backbone.features.denseblock4.denselayer3.gate,0.8455514907836914
11,backbone.features.denseblock4.denselayer4.gate,0.8452910780906677
11,backbone.features.denseblock4.denselayer5.gate,0.8454539179801941
11,backbone.features.denseblock4.denselayer6.gate,0.844207227230072
11,backbone.features.denseblock4.denselayer7.gate,0.8459756374359131
11,backbone.features.denseblock4.denselayer8.gate,0.846265435218811
11,backbone.features.denseblock4.denselayer9.gate,0.8487828373908997
11,backbone.features.denseblock4.denselayer10.gate,0.8470213413238525
11,backbone.features.denseblock4.denselayer11.gate,0.8495919108390808
11,backbone.features.denseblock4.denselayer12.gate,0.8470221161842346
11,backbone.features.denseblock4.denselayer13.gate,0.8480615615844727
11,backbone.features.denseblock4.denselayer14.gate,0.8470368385314941
11,backbone.features.denseblock4.denselayer15.gate,0.8476835489273071
11,backbone.features.denseblock4.denselayer16.gate,0.8446205854415894
12,backbone.features.denseblock1.denselayer1.gate,0.8425913453102112
12,backbone.features.denseblock1.denselayer2.gate,0.8425632119178772
12,backbone.features.denseblock1.denselayer3.gate,0.8423990607261658
12,backbone.features.denseblock1.denselayer4.gate,0.8422757387161255
12,backbone.features.denseblock1.denselayer5.gate,0.8422959446907043
12,backbone.features.denseblock1.denselayer6.gate,0.8422382473945618
12,backbone.features.denseblock2.denselayer1.gate,0.8422767519950867
12,backbone.features.denseblock2.denselayer2.gate,0.842272937297821
12,backbone.features.denseblock2.denselayer3.gate,0.8423003554344177
12,backbone.features.denseblock2.denselayer4.gate,0.842354953289032
12,backbone.features.denseblock2.denselayer5.gate,0.8423581719398499
12,backbone.features.denseblock2.denselayer6.gate,0.842241644859314
12,backbone.features.denseblock2.denselayer7.gate,0.8424475193023682
12,backbone.features.denseblock2.denselayer8.gate,0.8423593044281006
12,backbone.features.denseblock2.denselayer9.gate,0.8421646952629089
12,backbone.features.denseblock2.denselayer10.gate,0.8424503803253174
12,backbone.features.denseblock2.denselayer11.gate,0.8424465656280518
12,backbone.features.denseblock2.denselayer12.gate,0.8426198959350586
12,backbone.features.denseblock3.denselayer1.gate,0.8422532081604004
12,backbone.features.denseblock3.denselayer2.gate,0.842291533946991
12,backbone.features.denseblock3.denselayer3.gate,0.8422583937644958
12,backbone.features.denseblock3.denselayer4.gate,0.8422127962112427
12,backbone.features.denseblock3.denselayer5.gate,0.8422079086303711
12,backbone.features.denseblock3.denselayer6.gate,0.8423044681549072
12,backbone.features.denseblock3.denselayer7.gate,0.8423335552215576
12,backbone.features.denseblock3.denselayer8.gate,0.842393696308136
12,backbone.features.denseblock3.denselayer9.gate,0.8422322273254395
12,backbone.features.denseblock3.denselayer10.gate,0.8422572016716003
12,backbone.features.denseblock3.denselayer11.gate,0.8423250317573547
12,backbone.features.denseblock3.denselayer12.gate,0.842329740524292
12,backbone.features.denseblock3.denselayer13.gate,0.8422960042953491
12,backbone.features.denseblock3.denselayer14.gate,0.8423791527748108
12,backbone.features.denseblock3.denselayer15.gate,0.8423733115196228
12,backbone.features.denseblock3.denselayer16.gate,0.842628002166748
12,backbone.features.denseblock3.denselayer17.gate,0.8423363566398621
12,backbone.features.denseblock3.denselayer18.gate,0.8424261212348938
12,backbone.features.denseblock3.denselayer19.gate,0.8423873782157898
12,backbone.features.denseblock3.denselayer20.gate,0.8423945903778076
12,backbone.features.denseblock3.denselayer21.gate,0.8423648476600647
12,backbone.features.denseblock3.denselayer22.gate,0.8422779440879822
12,backbone.features.denseblock3.denselayer23.gate,0.8426122069358826
12,backbone.features.denseblock3.denselayer24.gate,0.8424763679504395
12,backbone.features.denseblock4.denselayer1.gate,0.8420655131340027
12,backbone.features.denseblock4.denselayer2.gate,0.8415982723236084
12,backbone.features.denseblock4.denselayer3.gate,0.8418954014778137
12,backbone.features.denseblock4.denselayer4.gate,0.8415966033935547
12,backbone.features.denseblock4.denselayer5.gate,0.8417638540267944
12,backbone.features.denseblock4.denselayer6.gate,0.8404893279075623
12,backbone.features.denseblock4.denselayer7.gate,0.8423373103141785
12,backbone.features.denseblock4.denselayer8.gate,0.8426049947738647
12,backbone.features.denseblock4.denselayer9.gate,0.8451993465423584
12,backbone.features.denseblock4.denselayer10.gate,0.8433588743209839
12,backbone.features.denseblock4.denselayer11.gate,0.8460181355476379
12,backbone.features.denseblock4.denselayer12.gate,0.843392014503479
12,backbone.features.denseblock4.denselayer13.gate,0.8444648385047913
12,backbone.features.denseblock4.denselayer14.gate,0.8433902859687805
12,backbone.features.denseblock4.denselayer15.gate,0.844049334526062
12,backbone.features.denseblock4.denselayer16.gate,0.8409181833267212
13,backbone.features.denseblock1.denselayer1.gate,0.8388807773590088
13,backbone.features.denseblock1.denselayer2.gate,0.8388462066650391
13,backbone.features.denseblock1.denselayer3.gate,0.8386842012405396
13,backbone.features.denseblock1.denselayer4.gate,0.8385688662528992
13,backbone.features.denseblock1.denselayer5.gate,0.8385820388793945
13,backbone.features.denseblock1.denselayer6.gate,0.838522732257843
13,backbone.features.denseblock2.denselayer1.gate,0.8385669589042664
13,backbone.features.denseblock2.denselayer2.gate,0.838556170463562
13,backbone.features.denseblock2.denselayer3.gate,0.8385952711105347
13,backbone.features.denseblock2.denselayer4.gate,0.8386450409889221
13,backbone.features.denseblock2.denselayer5.gate,0.8386399745941162
13,backbone.features.denseblock2.denselayer6.gate,0.8385021686553955
13,backbone.features.denseblock2.denselayer7.gate,0.838732123374939
13,backbone.features.denseblock2.denselayer8.gate,0.8386397361755371
13,backbone.features.denseblock2.denselayer9.gate,0.8384578227996826
13,backbone.features.denseblock2.denselayer10.gate,0.8387718796730042
13,backbone.features.denseblock2.denselayer11.gate,0.8387874960899353
13,backbone.features.denseblock2.denselayer12.gate,0.8388997316360474
13,backbone.features.denseblock3.denselayer1.gate,0.8385294079780579
13,backbone.features.denseblock3.denselayer2.gate,0.8385715484619141
13,backbone.features.denseblock3.denselayer3.gate,0.8385471701622009
13,backbone.features.denseblock3.denselayer4.gate,0.8384883999824524
13,backbone.features.denseblock3.denselayer5.gate,0.8384886980056763
13,backbone.features.denseblock3.denselayer6.gate,0.8385879397392273
13,backbone.features.denseblock3.denselayer7.gate,0.8386167883872986
13,backbone.features.denseblock3.denselayer8.gate,0.8386823534965515
13,backbone.features.denseblock3.denselayer9.gate,0.8385197520256042
13,backbone.features.denseblock3.denselayer10.gate,0.8385364413261414
13,backbone.features.denseblock3.denselayer11.gate,0.8386135101318359
13,backbone.features.denseblock3.denselayer12.gate,0.8386115431785583
13,backbone.features.denseblock3.denselayer13.gate,0.8385835886001587
13,backbone.features.denseblock3.denselayer14.gate,0.8386711478233337
13,backbone.features.denseblock3.denselayer15.gate,0.8386622071266174
13,backbone.features.denseblock3.denselayer16.gate,0.838972806930542
13,backbone.features.denseblock3.denselayer17.gate,0.8386216163635254
13,backbone.features.denseblock3.denselayer18.gate,0.8386937975883484
13,backbone.features.denseblock3.denselayer19.gate,0.8386856913566589
13,backbone.features.denseblock3.denselayer20.gate,0.838704526424408
13,backbone.features.denseblock3.denselayer21.gate,0.8386650681495667
13,backbone.features.denseblock3.denselayer22.gate,0.83858722448349
13,backbone.features.denseblock3.denselayer23.gate,0.83894282579422
13,backbone.features.denseblock3.denselayer24.gate,0.8388047814369202
13,backbone.features.denseblock4.denselayer1.gate,0.8383480906486511
13,backbone.features.denseblock4.denselayer2.gate,0.8378225564956665
13,backbone.features.denseblock4.denselayer3.gate,0.8381747603416443
13,backbone.features.denseblock4.denselayer4.gate,0.8378371596336365
13,backbone.features.denseblock4.denselayer5.gate,0.8380175828933716
13,backbone.features.denseblock4.denselayer6.gate,0.836698591709137
13,backbone.features.denseblock4.denselayer7.gate,0.8385665416717529
13,backbone.features.denseblock4.denselayer8.gate,0.8388570547103882
13,backbone.features.denseblock4.denselayer9.gate,0.8414821624755859
13,backbone.features.denseblock4.denselayer10.gate,0.8396187424659729
13,backbone.features.denseblock4.denselayer11.gate,0.8423445820808411
13,backbone.features.denseblock4.denselayer12.gate,0.8396657705307007
13,backbone.features.denseblock4.denselayer13.gate,0.8407813906669617
13,backbone.features.denseblock4.denselayer14.gate,0.8396214246749878
13,backbone.features.denseblock4.denselayer15.gate,0.8403398990631104
13,backbone.features.denseblock4.denselayer16.gate,0.8371230363845825
14,backbone.features.denseblock1.denselayer1.gate,0.8351356983184814
14,backbone.features.denseblock1.denselayer2.gate,0.8350934386253357
14,backbone.features.denseblock1.denselayer3.gate,0.8349127769470215
14,backbone.features.denseblock1.denselayer4.gate,0.8348029255867004
14,backbone.features.denseblock1.denselayer5.gate,0.8348116278648376
14,backbone.features.denseblock1.denselayer6.gate,0.8347411751747131
14,backbone.features.denseblock2.denselayer1.gate,0.834801435470581
14,backbone.features.denseblock2.denselayer2.gate,0.8347821235656738
14,backbone.features.denseblock2.denselayer3.gate,0.8348156809806824
14,backbone.features.denseblock2.denselayer4.gate,0.8348761200904846
14,backbone.features.denseblock2.denselayer5.gate,0.8348652720451355
14,backbone.features.denseblock2.denselayer6.gate,0.8347311615943909
14,backbone.features.denseblock2.denselayer7.gate,0.8349604606628418
14,backbone.features.denseblock2.denselayer8.gate,0.8348585963249207
14,backbone.features.denseblock2.denselayer9.gate,0.8346804976463318
14,backbone.features.denseblock2.denselayer10.gate,0.83500075340271
14,backbone.features.denseblock2.denselayer11.gate,0.8350206017494202
14,backbone.features.denseblock2.denselayer12.gate,0.8351675271987915
14,backbone.features.denseblock3.denselayer1.gate,0.8347451090812683
14,backbone.features.denseblock3.denselayer2.gate,0.8347825407981873
14,backbone.features.denseblock3.denselayer3.gate,0.8347659111022949
14,backbone.features.denseblock3.denselayer4.gate,0.8347136378288269
14,backbone.features.denseblock3.denselayer5.gate,0.8347042798995972
14,backbone.features.denseblock3.denselayer6.gate,0.8348057866096497
14,backbone.features.denseblock3.denselayer7.gate,0.8348480463027954
14,backbone.features.denseblock3.denselayer8.gate,0.8349403142929077
14,backbone.features.denseblock3.denselayer9.gate,0.8347451090812683
14,backbone.features.denseblock3.denselayer10.gate,0.8347614407539368
14,backbone.features.denseblock3.denselayer11.gate,0.8348416090011597
14,backbone.features.denseblock3.denselayer12.gate,0.8348410129547119
14,backbone.features.denseblock3.denselayer13.gate,0.8348125219345093
14,backbone.features.denseblock3.denselayer14.gate,0.8349065780639648
14,backbone.features.denseblock3.denselayer15.gate,0.834897518157959
14,backbone.features.denseblock3.denselayer16.gate,0.8352416157722473
14,backbone.features.denseblock3.denselayer17.gate,0.8348509073257446
14,backbone.features.denseblock3.denselayer18.gate,0.8349347114562988
14,backbone.features.denseblock3.denselayer19.gate,0.8349151015281677
14,backbone.features.denseblock3.denselayer20.gate,0.8349406123161316
14,backbone.features.denseblock3.denselayer21.gate,0.8349073529243469
14,backbone.features.denseblock3.denselayer22.gate,0.8348028063774109
14,backbone.features.denseblock3.denselayer23.gate,0.8351900577545166
14,backbone.features.denseblock3.denselayer24.gate,0.8350644111633301
14,backbone.features.denseblock4.denselayer1.gate,0.834574282169342
14,backbone.features.denseblock4.denselayer2.gate,0.8340291976928711
14,backbone.features.denseblock4.denselayer3.gate,0.8343951106071472
14,backbone.features.denseblock4.denselayer4.gate,0.8340322375297546
14,backbone.features.denseblock4.denselayer5.gate,0.8341888189315796
14,backbone.features.denseblock4.denselayer6.gate,0.8328485488891602
14,backbone.features.denseblock4.denselayer7.gate,0.8347761631011963
14,backbone.features.denseblock4.denselayer8.gate,0.8350502252578735
14,backbone.features.denseblock4.denselayer9.gate,0.8377156257629395
14,backbone.features.denseblock4.denselayer10.gate,0.8358185887336731
14,backbone.features.denseblock4.denselayer11.gate,0.8386030197143555
14,backbone.features.denseblock4.denselayer12.gate,0.8358826041221619
14,backbone.features.denseblock4.denselayer13.gate,0.8370251059532166
14,backbone.features.denseblock4.denselayer14.gate,0.8358213901519775
14,backbone.features.denseblock4.denselayer15.gate,0.8365756869316101
14,backbone.features.denseblock4.denselayer16.gate,0.8332879543304443
15,backbone.features.denseblock1.denselayer1.gate,0.8312829732894897
15,backbone.features.denseblock1.denselayer2.gate,0.8312342166900635
15,backbone.features.denseblock1.denselayer3.gate,0.8310364484786987
15,backbone.features.denseblock1.denselayer4.gate,0.8309223055839539
15,backbone.features.denseblock1.denselayer5.gate,0.8309502601623535
15,backbone.features.denseblock1.denselayer6.gate,0.830875039100647
15,backbone.features.denseblock2.denselayer1.gate,0.8309157490730286
15,backbone.features.denseblock2.denselayer2.gate,0.8309279084205627
15,backbone.features.denseblock2.denselayer3.gate,0.8309506773948669
15,backbone.features.denseblock2.denselayer4.gate,0.8310094475746155
15,backbone.features.denseblock2.denselayer5.gate,0.8310115337371826
15,backbone.features.denseblock2.denselayer6.gate,0.8308601379394531
15,backbone.features.denseblock2.denselayer7.gate,0.8310943245887756
15,backbone.features.denseblock2.denselayer8.gate,0.83100825548172
15,backbone.features.denseblock2.denselayer9.gate,0.8308210968971252
15,backbone.features.denseblock2.denselayer10.gate,0.8311559557914734
15,backbone.features.denseblock2.denselayer11.gate,0.8311578035354614
15,backbone.features.denseblock2.denselayer12.gate,0.8313376307487488
15,backbone.features.denseblock3.denselayer1.gate,0.8308843374252319
15,backbone.features.denseblock3.denselayer2.gate,0.8309155106544495
15,backbone.features.denseblock3.denselayer3.gate,0.8309123516082764
15,backbone.features.denseblock3.denselayer4.gate,0.8308448791503906
15,backbone.features.denseblock3.denselayer5.gate,0.8308433890342712
15,backbone.features.denseblock3.denselayer6.gate,0.8309434056282043
15,backbone.features.denseblock3.denselayer7.gate,0.830984890460968
15,backbone.features.denseblock3.denselayer8.gate,0.8310838341712952
15,backbone.features.denseblock3.denselayer9.gate,0.8308817744255066
15,backbone.features.denseblock3.denselayer10.gate,0.8308966755867004
15,backbone.features.denseblock3.denselayer11.gate,0.8309725522994995
15,backbone.features.denseblock3.denselayer12.gate,0.8309623599052429
15,backbone.features.denseblock3.denselayer13.gate,0.8309529423713684
15,backbone.features.denseblock3.denselayer14.gate,0.8310364484786987
15,backbone.features.denseblock3.denselayer15.gate,0.8310416340827942
15,backbone.features.denseblock3.denselayer16.gate,0.8314100503921509
15,backbone.features.denseblock3.denselayer17.gate,0.8309959769248962
15,backbone.features.denseblock3.denselayer18.gate,0.8310806155204773
15,backbone.features.denseblock3.denselayer19.gate,0.8310566544532776
15,backbone.features.denseblock3.denselayer20.gate,0.8310953974723816
15,backbone.features.denseblock3.denselayer21.gate,0.8310693502426147
15,backbone.features.denseblock3.denselayer22.gate,0.8309498429298401
15,backbone.features.denseblock3.denselayer23.gate,0.8313406705856323
15,backbone.features.denseblock3.denselayer24.gate,0.8311710357666016
15,backbone.features.denseblock4.denselayer1.gate,0.830694317817688
15,backbone.features.denseblock4.denselayer2.gate,0.8301685452461243
15,backbone.features.denseblock4.denselayer3.gate,0.8305124640464783
15,backbone.features.denseblock4.denselayer4.gate,0.8301241397857666
15,backbone.features.denseblock4.denselayer5.gate,0.8302720785140991
15,backbone.features.denseblock4.denselayer6.gate,0.8289124965667725
15,backbone.features.denseblock4.denselayer7.gate,0.8309050798416138
15,backbone.features.denseblock4.denselayer8.gate,0.8311249613761902
15,backbone.features.denseblock4.denselayer9.gate,0.833893358707428
15,backbone.features.denseblock4.denselayer10.gate,0.831919252872467
15,backbone.features.denseblock4.denselayer11.gate,0.8347873091697693
15,backbone.features.denseblock4.denselayer12.gate,0.83203125
15,backbone.features.denseblock4.denselayer13.gate,0.8331742286682129
15,backbone.features.denseblock4.denselayer14.gate,0.8319567441940308
15,backbone.features.denseblock4.denselayer15.gate,0.8327193260192871
15,backbone.features.denseblock4.denselayer16.gate,0.8293597102165222
16,backbone.features.denseblock1.denselayer1.gate,0.8273438215255737
16,backbone.features.denseblock1.denselayer2.gate,0.8273252248764038
16,backbone.features.denseblock1.denselayer3.gate,0.8271211385726929
16,backbone.features.denseblock1.denselayer4.gate,0.8269827365875244
16,backbone.features.denseblock1.denselayer5.gate,0.8270174264907837
16,backbone.features.denseblock1.denselayer6.gate,0.8269456624984741
16,backbone.features.denseblock2.denselayer1.gate,0.8269662261009216
16,backbone.features.denseblock2.denselayer2.gate,0.8269957900047302
16,backbone.features.denseblock2.denselayer3.gate,0.8270093202590942
16,backbone.features.denseblock2.denselayer4.gate,0.827065110206604
16,backbone.features.denseblock2.denselayer5.gate,0.8270737528800964
16,backbone.features.denseblock2.denselayer6.gate,0.8269098997116089
16,backbone.features.denseblock2.denselayer7.gate,0.8271632194519043
16,backbone.features.denseblock2.denselayer8.gate,0.8270679116249084
16,backbone.features.denseblock2.denselayer9.gate,0.8269128799438477
16,backbone.features.denseblock2.denselayer10.gate,0.8272616267204285
16,backbone.features.denseblock2.denselayer11.gate,0.827237069606781
16,backbone.features.denseblock2.denselayer12.gate,0.8274171352386475
16,backbone.features.denseblock3.denselayer1.gate,0.82694411277771
16,backbone.features.denseblock3.denselayer2.gate,0.826998233795166
16,backbone.features.denseblock3.denselayer3.gate,0.826964259147644
16,backbone.features.denseblock3.denselayer4.gate,0.8269074559211731
16,backbone.features.denseblock3.denselayer5.gate,0.8269053101539612
16,backbone.features.denseblock3.denselayer6.gate,0.8270102143287659
16,backbone.features.denseblock3.denselayer7.gate,0.8270614743232727
16,backbone.features.denseblock3.denselayer8.gate,0.8271530866622925
16,backbone.features.denseblock3.denselayer9.gate,0.826938271522522
16,backbone.features.denseblock3.denselayer10.gate,0.826966404914856
16,backbone.features.denseblock3.denselayer11.gate,0.8270481824874878
16,backbone.features.denseblock3.denselayer12.gate,0.8270343542098999
16,backbone.features.denseblock3.denselayer13.gate,0.8270077705383301
16,backbone.features.denseblock3.denselayer14.gate,0.827091634273529
16,backbone.features.denseblock3.denselayer15.gate,0.8271156549453735
16,backbone.features.denseblock3.denselayer16.gate,0.8274909853935242
16,backbone.features.denseblock3.denselayer17.gate,0.8270548582077026
16,backbone.features.denseblock3.denselayer18.gate,0.8271445631980896
16,backbone.features.denseblock3.denselayer19.gate,0.8271337151527405
16,backbone.features.denseblock3.denselayer20.gate,0.827189564704895
16,backbone.features.denseblock3.denselayer21.gate,0.8271423578262329
16,backbone.features.denseblock3.denselayer22.gate,0.8270227909088135
16,backbone.features.denseblock3.denselayer23.gate,0.8274076581001282
16,backbone.features.denseblock3.denselayer24.gate,0.827261209487915
16,backbone.features.denseblock4.denselayer1.gate,0.8267783522605896
16,backbone.features.denseblock4.denselayer2.gate,0.8262072801589966
16,backbone.features.denseblock4.denselayer3.gate,0.8265522718429565
16,backbone.features.denseblock4.denselayer4.gate,0.8261849880218506
16,backbone.features.denseblock4.denselayer5.gate,0.8263422250747681
16,backbone.features.denseblock4.denselayer6.gate,0.8249249458312988
16,backbone.features.denseblock4.denselayer7.gate,0.8270097374916077
16,backbone.features.denseblock4.denselayer8.gate,0.8272110819816589
16,backbone.features.denseblock4.denselayer9.gate,0.8301123380661011
16,backbone.features.denseblock4.denselayer10.gate,0.8280102014541626
16,backbone.features.denseblock4.denselayer11.gate,0.8310125470161438
16,backbone.features.denseblock4.denselayer12.gate,0.8281589150428772
16,backbone.features.denseblock4.denselayer13.gate,0.829322338104248
16,backbone.features.denseblock4.denselayer14.gate,0.8280423283576965
16,backbone.features.denseblock4.denselayer15.gate,0.8288101553916931
16,backbone.features.denseblock4.denselayer16.gate,0.8253850936889648
17,backbone.features.denseblock1.denselayer1.gate,0.8233485817909241
17,backbone.features.denseblock1.denselayer2.gate,0.8233208656311035
17,backbone.features.denseblock1.denselayer3.gate,0.8231080174446106
17,backbone.features.denseblock1.denselayer4.gate,0.8229779601097107
17,backbone.features.denseblock1.denselayer5.gate,0.8230037689208984
17,backbone.features.denseblock1.denselayer6.gate,0.8229401111602783
17,backbone.features.denseblock2.denselayer1.gate,0.8229703307151794
17,backbone.features.denseblock2.denselayer2.gate,0.8229815363883972
17,backbone.features.denseblock2.denselayer3.gate,0.8230059742927551
17,backbone.features.denseblock2.denselayer4.gate,0.8230564594268799
17,backbone.features.denseblock2.denselayer5.gate,0.8230718970298767
17,backbone.features.denseblock2.denselayer6.gate,0.8229178190231323
17,backbone.features.denseblock2.denselayer7.gate,0.823160707950592
17,backbone.features.denseblock2.denselayer8.gate,0.8230634331703186
17,backbone.features.denseblock2.denselayer9.gate,0.8228994607925415
17,backbone.features.denseblock2.denselayer10.gate,0.8232563138008118
17,backbone.features.denseblock2.denselayer11.gate,0.8232438564300537
17,backbone.features.denseblock2.denselayer12.gate,0.8234293460845947
17,backbone.features.denseblock3.denselayer1.gate,0.8229296803474426
17,backbone.features.denseblock3.denselayer2.gate,0.8229909539222717
17,backbone.features.denseblock3.denselayer3.gate,0.8229596018791199
17,backbone.features.denseblock3.denselayer4.gate,0.8228915333747864
17,backbone.features.denseblock3.denselayer5.gate,0.8228867053985596
17,backbone.features.denseblock3.denselayer6.gate,0.8230099678039551
17,backbone.features.denseblock3.denselayer7.gate,0.8230490684509277
17,backbone.features.denseblock3.denselayer8.gate,0.8231561183929443
17,backbone.features.denseblock3.denselayer9.gate,0.8229275941848755
17,backbone.features.denseblock3.denselayer10.gate,0.8229587078094482
17,backbone.features.denseblock3.denselayer11.gate,0.8230407238006592
17,backbone.features.denseblock3.denselayer12.gate,0.823029100894928
17,backbone.features.denseblock3.denselayer13.gate,0.8230040669441223
17,backbone.features.denseblock3.denselayer14.gate,0.8230898976325989
17,backbone.features.denseblock3.denselayer15.gate,0.8231301307678223
17,backbone.features.denseblock3.denselayer16.gate,0.823542594909668
17,backbone.features.denseblock3.denselayer17.gate,0.8230599164962769
17,backbone.features.denseblock3.denselayer18.gate,0.8231499791145325
17,backbone.features.denseblock3.denselayer19.gate,0.8231287002563477
17,backbone.features.denseblock3.denselayer20.gate,0.8231881856918335
17,backbone.features.denseblock3.denselayer21.gate,0.8231483697891235
17,backbone.features.denseblock3.denselayer22.gate,0.8230200409889221
17,backbone.features.denseblock3.denselayer23.gate,0.8234643340110779
17,backbone.features.denseblock3.denselayer24.gate,0.8232954144477844
17,backbone.features.denseblock4.denselayer1.gate,0.8227921724319458
17,backbone.features.denseblock4.denselayer2.gate,0.8222256898880005
17,backbone.features.denseblock4.denselayer3.gate,0.8225417137145996
17,backbone.features.denseblock4.denselayer4.gate,0.8221531510353088
17,backbone.features.denseblock4.denselayer5.gate,0.822326123714447
17,backbone.features.denseblock4.denselayer6.gate,0.820889413356781
17,backbone.features.denseblock4.denselayer7.gate,0.8229886293411255
17,backbone.features.denseblock4.denselayer8.gate,0.8232241272926331
17,backbone.features.denseblock4.denselayer9.gate,0.8261598944664001
17,backbone.features.denseblock4.denselayer10.gate,0.8240806460380554
17,backbone.features.denseblock4.denselayer11.gate,0.8271472454071045
17,backbone.features.denseblock4.denselayer12.gate,0.8241901993751526
17,backbone.features.denseblock4.denselayer13.gate,0.8254164457321167
17,backbone.features.denseblock4.denselayer14.gate,0.8240459561347961
17,backbone.features.denseblock4.denselayer15.gate,0.8248389363288879
17,backbone.features.denseblock4.denselayer16.gate,0.8213334083557129
18,backbone.features.denseblock1.denselayer1.gate,0.8192903399467468
18,backbone.features.denseblock1.denselayer2.gate,0.8192630410194397
18,backbone.features.denseblock1.denselayer3.gate,0.8190169930458069
18,backbone.features.denseblock1.denselayer4.gate,0.8189014792442322
18,backbone.features.denseblock1.denselayer5.gate,0.818931519985199
18,backbone.features.denseblock1.denselayer6.gate,0.8188455104827881
18,backbone.features.denseblock2.denselayer1.gate,0.8188788294792175
18,backbone.features.denseblock2.denselayer2.gate,0.8188942074775696
18,backbone.features.denseblock2.denselayer3.gate,0.818925142288208
18,backbone.features.denseblock2.denselayer4.gate,0.8189847469329834
18,backbone.features.denseblock2.denselayer5.gate,0.8189955949783325
18,backbone.features.denseblock2.denselayer6.gate,0.8188349604606628
18,backbone.features.denseblock2.denselayer7.gate,0.8190881609916687
18,backbone.features.denseblock2.denselayer8.gate,0.8189825415611267
18,backbone.features.denseblock2.denselayer9.gate,0.8188075423240662
18,backbone.features.denseblock2.denselayer10.gate,0.8191853761672974
18,backbone.features.denseblock2.denselayer11.gate,0.8191723227500916
18,backbone.features.denseblock2.denselayer12.gate,0.8193676471710205
18,backbone.features.denseblock3.denselayer1.gate,0.8188546895980835
18,backbone.features.denseblock3.denselayer2.gate,0.8189148306846619
18,backbone.features.denseblock3.denselayer3.gate,0.8188756704330444
18,backbone.features.denseblock3.denselayer4.gate,0.8188065886497498
18,backbone.features.denseblock3.denselayer5.gate,0.8188180923461914
18,backbone.features.denseblock3.denselayer6.gate,0.8189317584037781
18,backbone.features.denseblock3.denselayer7.gate,0.818965494632721
18,backbone.features.denseblock3.denselayer8.gate,0.8190889954566956
18,backbone.features.denseblock3.denselayer9.gate,0.818845272064209
18,backbone.features.denseblock3.denselayer10.gate,0.8188727498054504
18,backbone.features.denseblock3.denselayer11.gate,0.818956732749939
18,backbone.features.denseblock3.denselayer12.gate,0.8189644813537598
18,backbone.features.denseblock3.denselayer13.gate,0.8189184069633484
18,backbone.features.denseblock3.denselayer14.gate,0.8190118074417114
18,backbone.features.denseblock3.denselayer15.gate,0.8190532922744751
18,backbone.features.denseblock3.denselayer16.gate,0.8195292353630066
18,backbone.features.denseblock3.denselayer17.gate,0.8189849257469177
18,backbone.features.denseblock3.denselayer18.gate,0.8190816044807434
18,backbone.features.denseblock3.denselayer19.gate,0.8190536499023438
18,backbone.features.denseblock3.denselayer20.gate,0.8191215991973877
18,backbone.features.denseblock3.denselayer21.gate,0.8190621137619019
18,backbone.features.denseblock3.denselayer22.gate,0.818936824798584
18,backbone.features.denseblock3.denselayer23.gate,0.8194136619567871
18,backbone.features.denseblock3.denselayer24.gate,0.8192342519760132
18,backbone.features.denseblock4.denselayer1.gate,0.8187090158462524
18,backbone.features.denseblock4.denselayer2.gate,0.8181367516517639
18,backbone.features.denseblock4.denselayer3.gate,0.8184456825256348
18,backbone.features.denseblock4.denselayer4.gate,0.8180422186851501
18,backbone.features.denseblock4.denselayer5.gate,0.8182245492935181
18,backbone.features.denseblock4.denselayer6.gate,0.816760241985321
18,backbone.features.denseblock4.denselayer7.gate,0.8188943266868591
18,backbone.features.denseblock4.denselayer8.gate,0.819123387336731
18,backbone.features.denseblock4.denselayer9.gate,0.8221157193183899
18,backbone.features.denseblock4.denselayer10.gate,0.8200507164001465
18,backbone.features.denseblock4.denselayer11.gate,0.8231595158576965
18,backbone.features.denseblock4.denselayer12.gate,0.8201287984848022
18,backbone.features.denseblock4.denselayer13.gate,0.8213940858840942
18,backbone.features.denseblock4.denselayer14.gate,0.8199583888053894
18,backbone.features.denseblock4.denselayer15.gate,0.8207771182060242
18,backbone.features.denseblock4.denselayer16.gate,0.8172028660774231
19,backbone.features.denseblock1.denselayer1.gate,0.8151566982269287
19,backbone.features.denseblock1.denselayer2.gate,0.815150260925293
19,backbone.features.denseblock1.denselayer3.gate,0.8148745894432068
19,backbone.features.denseblock1.denselayer4.gate,0.8147540092468262
19,backbone.features.denseblock1.denselayer5.gate,0.8147881031036377
19,backbone.features.denseblock1.denselayer6.gate,0.8146976232528687
19,backbone.features.denseblock2.denselayer1.gate,0.8147458434104919
19,backbone.features.denseblock2.denselayer2.gate,0.8147578239440918
19,backbone.features.denseblock2.denselayer3.gate,0.814788281917572
19,backbone.features.denseblock2.denselayer4.gate,0.8148486614227295
19,backbone.features.denseblock2.denselayer5.gate,0.8148617148399353
19,backbone.features.denseblock2.denselayer6.gate,0.8146970272064209
19,backbone.features.denseblock2.denselayer7.gate,0.8149632811546326
19,backbone.features.denseblock2.denselayer8.gate,0.8148449063301086
19,backbone.features.denseblock2.denselayer9.gate,0.8146688938140869
19,backbone.features.denseblock2.denselayer10.gate,0.8150535821914673
19,backbone.features.denseblock2.denselayer11.gate,0.8150299787521362
19,backbone.features.denseblock2.denselayer12.gate,0.8152631521224976
19,backbone.features.denseblock3.denselayer1.gate,0.8147242069244385
19,backbone.features.denseblock3.denselayer2.gate,0.8147710561752319
19,backbone.features.denseblock3.denselayer3.gate,0.8147354125976562
19,backbone.features.denseblock3.denselayer4.gate,0.8146775960922241
19,backbone.features.denseblock3.denselayer5.gate,0.8146734833717346
19,backbone.features.denseblock3.denselayer6.gate,0.81477952003479
19,backbone.features.denseblock3.denselayer7.gate,0.8148220181465149
19,backbone.features.denseblock3.denselayer8.gate,0.8149625658988953
19,backbone.features.denseblock3.denselayer9.gate,0.8147040009498596
19,backbone.features.denseblock3.denselayer10.gate,0.8147416710853577
19,backbone.features.denseblock3.denselayer11.gate,0.8148153424263
19,backbone.features.denseblock3.denselayer12.gate,0.8148302435874939
19,backbone.features.denseblock3.denselayer13.gate,0.8147834539413452
19,backbone.features.denseblock3.denselayer14.gate,0.8148775696754456
19,backbone.features.denseblock3.denselayer15.gate,0.8149289488792419
19,backbone.features.denseblock3.denselayer16.gate,0.8154321908950806
19,backbone.features.denseblock3.denselayer17.gate,0.8148437738418579
19,backbone.features.denseblock3.denselayer18.gate,0.8149519562721252
19,backbone.features.denseblock3.denselayer19.gate,0.8149288892745972
19,backbone.features.denseblock3.denselayer20.gate,0.8149810433387756
19,backbone.features.denseblock3.denselayer21.gate,0.8149203062057495
19,backbone.features.denseblock3.denselayer22.gate,0.8148059248924255
19,backbone.features.denseblock3.denselayer23.gate,0.8153244256973267
19,backbone.features.denseblock3.denselayer24.gate,0.8151135444641113
19,backbone.features.denseblock4.denselayer1.gate,0.8145812153816223
19,backbone.features.denseblock4.denselayer2.gate,0.8139962553977966
19,backbone.features.denseblock4.denselayer3.gate,0.8143253922462463
19,backbone.features.denseblock4.denselayer4.gate,0.8139156699180603
19,backbone.features.denseblock4.denselayer5.gate,0.8140721917152405
19,backbone.features.denseblock4.denselayer6.gate,0.8125788569450378
19,backbone.features.denseblock4.denselayer7.gate,0.8147359490394592
19,backbone.features.denseblock4.denselayer8.gate,0.8149853944778442
19,backbone.features.denseblock4.denselayer9.gate,0.8180372714996338
19,backbone.features.denseblock4.denselayer10.gate,0.8159465193748474
19,backbone.features.denseblock4.denselayer11.gate,0.8191715478897095
19,backbone.features.denseblock4.denselayer12.gate,0.8160071969032288
19,backbone.features.denseblock4.denselayer13.gate,0.8173226118087769
19,backbone.features.denseblock4.denselayer14.gate,0.815831184387207
19,backbone.features.denseblock4.denselayer15.gate,0.8166453242301941
19,backbone.features.denseblock4.denselayer16.gate,0.8130241632461548
20,backbone.features.denseblock1.denselayer1.gate,0.8109400272369385
20,backbone.features.denseblock1.denselayer2.gate,0.8109384775161743
20,backbone.features.denseblock1.denselayer3.gate,0.8106615543365479
20,backbone.features.denseblock1.denselayer4.gate,0.810542643070221
20,backbone.features.denseblock1.denselayer5.gate,0.8105543851852417
20,backbone.features.denseblock1.denselayer6.gate,0.8104670643806458
20,backbone.features.denseblock2.denselayer1.gate,0.8105190396308899
20,backbone.features.denseblock2.denselayer2.gate,0.8105244636535645
20,backbone.features.denseblock2.denselayer3.gate,0.8105626702308655
20,backbone.features.denseblock2.denselayer4.gate,0.8106240034103394
20,backbone.features.denseblock2.denselayer5.gate,0.8106251955032349
20,backbone.features.denseblock2.denselayer6.gate,0.8104753494262695
20,backbone.features.denseblock2.denselayer7.gate,0.8107267022132874
20,backbone.features.denseblock2.denselayer8.gate,0.810616672039032
20,backbone.features.denseblock2.denselayer9.gate,0.810435950756073
20,backbone.features.denseblock2.denselayer10.gate,0.8108419179916382
20,backbone.features.denseblock2.denselayer11.gate,0.8108299374580383
20,backbone.features.denseblock2.denselayer12.gate,0.8110511302947998
20,backbone.features.denseblock3.denselayer1.gate,0.8104960322380066
20,backbone.features.denseblock3.denselayer2.gate,0.810541033744812
20,backbone.features.denseblock3.denselayer3.gate,0.8105107545852661
20,backbone.features.denseblock3.denselayer4.gate,0.8104374408721924
20,backbone.features.denseblock3.denselayer5.gate,0.8104421496391296
20,backbone.features.denseblock3.denselayer6.gate,0.8105539679527283
20,backbone.features.denseblock3.denselayer7.gate,0.8105916380882263
20,backbone.features.denseblock3.denselayer8.gate,0.8107448816299438
20,backbone.features.denseblock3.denselayer9.gate,0.8104702830314636
20,backbone.features.denseblock3.denselayer10.gate,0.8105095028877258
20,backbone.features.denseblock3.denselayer11.gate,0.8105993866920471
20,backbone.features.denseblock3.denselayer12.gate,0.8106189370155334
20,backbone.features.denseblock3.denselayer13.gate,0.8105538487434387
20,backbone.features.denseblock3.denselayer14.gate,0.810652494430542
20,backbone.features.denseblock3.denselayer15.gate,0.8107041716575623
20,backbone.features.denseblock3.denselayer16.gate,0.811220109462738
20,backbone.features.denseblock3.denselayer17.gate,0.8106310367584229
20,backbone.features.denseblock3.denselayer18.gate,0.8107187151908875
20,backbone.features.denseblock3.denselayer19.gate,0.8106921911239624
20,backbone.features.denseblock3.denselayer20.gate,0.8107805252075195
20,backbone.features.denseblock3.denselayer21.gate,0.8106935620307922
20,backbone.features.denseblock3.denselayer22.gate,0.8105912804603577
20,backbone.features.denseblock3.denselayer23.gate,0.8111377358436584
20,backbone.features.denseblock3.denselayer24.gate,0.810944139957428
20,backbone.features.denseblock4.denselayer1.gate,0.8103507161140442
20,backbone.features.denseblock4.denselayer2.gate,0.8097674250602722
20,backbone.features.denseblock4.denselayer3.gate,0.8100892901420593
20,backbone.features.denseblock4.denselayer4.gate,0.8096538186073303
20,backbone.features.denseblock4.denselayer5.gate,0.8098440170288086
20,backbone.features.denseblock4.denselayer6.gate,0.8083106279373169
20,backbone.features.denseblock4.denselayer7.gate,0.8105183243751526
20,backbone.features.denseblock4.denselayer8.gate,0.810763955116272
20,backbone.features.denseblock4.denselayer9.gate,0.8138606548309326
20,backbone.features.denseblock4.denselayer10.gate,0.8117542266845703
20,backbone.features.denseblock4.denselayer11.gate,0.8150220513343811
20,backbone.features.denseblock4.denselayer12.gate,0.8118249177932739
20,backbone.features.denseblock4.denselayer13.gate,0.8131427764892578
20,backbone.features.denseblock4.denselayer14.gate,0.8116382360458374
20,backbone.features.denseblock4.denselayer15.gate,0.8124352693557739
20,backbone.features.denseblock4.denselayer16.gate,0.8087562918663025
21,backbone.features.denseblock1.denselayer1.gate,0.806643545627594
21,backbone.features.denseblock1.denselayer2.gate,0.8066535592079163
21,backbone.features.denseblock1.denselayer3.gate,0.8063570261001587
21,backbone.features.denseblock1.denselayer4.gate,0.8062476515769958
21,backbone.features.denseblock1.denselayer5.gate,0.8062499761581421
21,backbone.features.denseblock1.denselayer6.gate,0.8061601519584656
21,backbone.features.denseblock2.denselayer1.gate,0.8062374591827393
21,backbone.features.denseblock2.denselayer2.gate,0.806225061416626
21,backbone.features.denseblock2.denselayer3.gate,0.8062671422958374
21,backbone.features.denseblock2.denselayer4.gate,0.8063322305679321
21,backbone.features.denseblock2.denselayer5.gate,0.8063422441482544
21,backbone.features.denseblock2.denselayer6.gate,0.8061723709106445
21,backbone.features.denseblock2.denselayer7.gate,0.8064278960227966
21,backbone.features.denseblock2.denselayer8.gate,0.8063280582427979
21,backbone.features.denseblock2.denselayer9.gate,0.8061284422874451
21,backbone.features.denseblock2.denselayer10.gate,0.8065555691719055
21,backbone.features.denseblock2.denselayer11.gate,0.8065443634986877
21,backbone.features.denseblock2.denselayer12.gate,0.8067625164985657
21,backbone.features.denseblock3.denselayer1.gate,0.8061941862106323
21,backbone.features.denseblock3.denselayer2.gate,0.8062418699264526
21,backbone.features.denseblock3.denselayer3.gate,0.8062134385108948
21,backbone.features.denseblock3.denselayer4.gate,0.8061313033103943
21,backbone.features.denseblock3.denselayer5.gate,0.8061481714248657
21,backbone.features.denseblock3.denselayer6.gate,0.8062620759010315
21,backbone.features.denseblock3.denselayer7.gate,0.8063007593154907
21,backbone.features.denseblock3.denselayer8.gate,0.8064528703689575
21,backbone.features.denseblock3.denselayer9.gate,0.8061689734458923
21,backbone.features.denseblock3.denselayer10.gate,0.8062145709991455
21,backbone.features.denseblock3.denselayer11.gate,0.806304395198822
21,backbone.features.denseblock3.denselayer12.gate,0.8063215613365173
21,backbone.features.denseblock3.denselayer13.gate,0.8062633872032166
21,backbone.features.denseblock3.denselayer14.gate,0.8063645362854004
21,backbone.features.denseblock3.denselayer15.gate,0.8064109086990356
21,backbone.features.denseblock3.denselayer16.gate,0.8069474101066589
21,backbone.features.denseblock3.denselayer17.gate,0.8063348531723022
21,backbone.features.denseblock3.denselayer18.gate,0.8064302802085876
21,backbone.features.denseblock3.denselayer19.gate,0.8064035177230835
21,backbone.features.denseblock3.denselayer20.gate,0.8065117001533508
21,backbone.features.denseblock3.denselayer21.gate,0.8064032196998596
21,backbone.features.denseblock3.denselayer22.gate,0.8063128590583801
21,backbone.features.denseblock3.denselayer23.gate,0.8068961501121521
21,backbone.features.denseblock3.denselayer24.gate,0.8066644072532654
21,backbone.features.denseblock4.denselayer1.gate,0.806044340133667
21,backbone.features.denseblock4.denselayer2.gate,0.8054893612861633
21,backbone.features.denseblock4.denselayer3.gate,0.8057820200920105
21,backbone.features.denseblock4.denselayer4.gate,0.8053442239761353
21,backbone.features.denseblock4.denselayer5.gate,0.8055404424667358
21,backbone.features.denseblock4.denselayer6.gate,0.8039820194244385
21,backbone.features.denseblock4.denselayer7.gate,0.806225061416626
21,backbone.features.denseblock4.denselayer8.gate,0.8064815998077393
21,backbone.features.denseblock4.denselayer9.gate,0.8096268773078918
21,backbone.features.denseblock4.denselayer10.gate,0.8074902296066284
21,backbone.features.denseblock4.denselayer11.gate,0.810820996761322
21,backbone.features.denseblock4.denselayer12.gate,0.8075422048568726
21,backbone.features.denseblock4.denselayer13.gate,0.8089104890823364
21,backbone.features.denseblock4.denselayer14.gate,0.8073737621307373
21,backbone.features.denseblock4.denselayer15.gate,0.8081814050674438
21,backbone.features.denseblock4.denselayer16.gate,0.8044195771217346
22,backbone.features.denseblock1.denselayer1.gate,0.8022956848144531
22,backbone.features.denseblock1.denselayer2.gate,0.8022930026054382
22,backbone.features.denseblock1.denselayer3.gate,0.8020098805427551
22,backbone.features.denseblock1.denselayer4.gate,0.8018868565559387
22,backbone.features.denseblock1.denselayer5.gate,0.8019078969955444
22,backbone.features.denseblock1.denselayer6.gate,0.8018056750297546
22,backbone.features.denseblock2.denselayer1.gate,0.8018895983695984
22,backbone.features.denseblock2.denselayer2.gate,0.8018745183944702
22,backbone.features.denseblock2.denselayer3.gate,0.8019203543663025
22,backbone.features.denseblock2.denselayer4.gate,0.8019681572914124
22,backbone.features.denseblock2.denselayer5.gate,0.8019929528236389
22,backbone.features.denseblock2.denselayer6.gate,0.8018136620521545
22,backbone.features.denseblock2.denselayer7.gate,0.802081823348999
22,backbone.features.denseblock2.denselayer8.gate,0.8019823431968689
22,backbone.features.denseblock2.denselayer9.gate,0.8017773032188416
22,backbone.features.denseblock2.denselayer10.gate,0.8022429943084717
22,backbone.features.denseblock2.denselayer11.gate,0.802174985408783
22,backbone.features.denseblock2.denselayer12.gate,0.8024263978004456
22,backbone.features.denseblock3.denselayer1.gate,0.8018330931663513
22,backbone.features.denseblock3.denselayer2.gate,0.8018824458122253
22,backbone.features.denseblock3.denselayer3.gate,0.8018591403961182
22,backbone.features.denseblock3.denselayer4.gate,0.8017764687538147
22,backbone.features.denseblock3.denselayer5.gate,0.801793098449707
22,backbone.features.denseblock3.denselayer6.gate,0.801906943321228
22,backbone.features.denseblock3.denselayer7.gate,0.8019483089447021
22,backbone.features.denseblock3.denselayer8.gate,0.8020979166030884
22,backbone.features.denseblock3.denselayer9.gate,0.8018161058425903
22,backbone.features.denseblock3.denselayer10.gate,0.8018593192100525
22,backbone.features.denseblock3.denselayer11.gate,0.8019471168518066
22,backbone.features.denseblock3.denselayer12.gate,0.8019678592681885
22,backbone.features.denseblock3.denselayer13.gate,0.8019089102745056
22,backbone.features.denseblock3.denselayer14.gate,0.8020123243331909
22,backbone.features.denseblock3.denselayer15.gate,0.8020550012588501
22,backbone.features.denseblock3.denselayer16.gate,0.802666425704956
22,backbone.features.denseblock3.denselayer17.gate,0.8019880652427673
22,backbone.features.denseblock3.denselayer18.gate,0.8020893335342407
22,backbone.features.denseblock3.denselayer19.gate,0.802049458026886
22,backbone.features.denseblock3.denselayer20.gate,0.802183210849762
22,backbone.features.denseblock3.denselayer21.gate,0.8020575642585754
22,backbone.features.denseblock3.denselayer22.gate,0.8019676208496094
22,backbone.features.denseblock3.denselayer23.gate,0.8025644421577454
22,backbone.features.denseblock3.denselayer24.gate,0.8023251295089722
22,backbone.features.denseblock4.denselayer1.gate,0.8016798496246338
22,backbone.features.denseblock4.denselayer2.gate,0.8011094927787781
22,backbone.features.denseblock4.denselayer3.gate,0.8014258742332458
22,backbone.features.denseblock4.denselayer4.gate,0.8009626269340515
22,backbone.features.denseblock4.denselayer5.gate,0.8011707663536072
22,backbone.features.denseblock4.denselayer6.gate,0.7995940446853638
22,backbone.features.denseblock4.denselayer7.gate,0.8018625378608704
22,backbone.features.denseblock4.denselayer8.gate,0.802120566368103
22,backbone.features.denseblock4.denselayer9.gate,0.8053460717201233
22,backbone.features.denseblock4.denselayer10.gate,0.8031607270240784
22,backbone.features.denseblock4.denselayer11.gate,0.8065528869628906
22,backbone.features.denseblock4.denselayer12.gate,0.8031973838806152
22,backbone.features.denseblock4.denselayer13.gate,0.8045807480812073
22,backbone.features.denseblock4.denselayer14.gate,0.8030391335487366
22,backbone.features.denseblock4.denselayer15.gate,0.8038592338562012
22,backbone.features.denseblock4.denselayer16.gate,0.8000258803367615
